Aaron	Aron
Aarona	Arona
Aaronach	Aronach
Aaronami	Aronami
Aaronem	Aronem
Aaroni	Aroni
Aaronie	Aronie
Aaronom	Aronom
Aaronów	Aronów
aaronowa	aronowa
aaronową	aronową
aaronowe	aronowe
aaronowego	aronowego
aaronowej	aronowej
aaronowemu	aronowemu
aaronowi	aronowi
Aaronowi	Aronowi
Aaronowie	Aronowie
aaronowo	aronowo
aaronowy	aronowy
aaronowych	aronowych
aaronowym	aronowym
aaronowymi	aronowymi
Aarony	Arony
nieaaronowa	niearonowa
nieaaronową	niearonową
nieaaronowe	niearonowe
nieaaronowego	niearonowego
nieaaronowej	niearonowej
nieaaronowemu	niearonowemu
nieaaronowi	niearonowi
nieaaronowy	niearonowy
nieaaronowych	niearonowych
nieaaronowym	niearonowym
nieaaronowymi	niearonowymi
a capella	a kapella
Aachen	Achen
Miguel	migel
Cervantes	serwantes
Saavedra	sawedra
Kichot	kiszot
Manchy	manczy
Quixada	kiksada
Quesada	keksada
Allardyce	alardajs
Allardyce'a	alardajsa
Bill	bil
Billa	bila
Billem	bilem
Billowi	bilowi
Billu	bilu
Billy	bili
Bones	bons
Bonesa	bonsa
d'Espagne	despań
George	dżordż
George'a	dżordża
Georgem	dżordżem
Postscriptum	postskriptum
Redruth	redrut
Redrutha	redruta
Redruthem	redrutem
Huckleberry'ego	haklberego
Huckowi	hakowi
Hucka	haka
Finna	fina
Mary	mejry
Tanner	taner
Rogersa	rodżersa
Jeffowi	dżefowi
Thatcherowi	taczerowi
Jeff	dżef
Thatcher	taczer
Johnny'emu	dżonemu
Johnny	dżony
Bakerowi	bekerowi
Hollisowi	holisowi
Rogersowi	rodżersowi
vinum	winum
gallicum	galikum
quantum	kwantum
Very'ego	weriego
Nucingena	nusążena
Nucingen	nusążen
Prud'homme	prudom
Monnier	monie
Finot	fino
Blondet	blonde
Blondeta	blonde
Couture	kotur
Bixiou	bikso
Diderot	didero
Rameau	ramo
potpourri	potpuri
Rastignac	rastiniak
Rastignacowi	rastiniakowi
Marsaya	maraja
Bianchonem	bięszonem
Couture'a	kotura
Royer-Collard	rojekolart
Lupeaulx	lupol
Jarnac	żarnak
Jarnaca	żarnaka
Châteigneraie	szatenirej
Richelieu	riszelje
Popelinière	popelinier
Poissonière	posonier
d'Aubrion	debrion
Duberghe'a	diubera
Bordeaux	bordo
Palais-Royal	palarojal
Ouvrard	owrar
du	di
Tillet	tile
Tilleta	tileta
Tilletem	tiletem
Saint-Honoré	sęonore
Necker	neker
Bernard	bernar
Pâris	pari
Lawa	leła
Law	leł
Bouret	bure
Beaujon	bożą
Fuggerowie	fużerowie
Babenhausen	babenhauzen
Coeur	ker
Noirmontier	nuermontier
Beaudenorda	bodenorda
Beaudenord	bodenort
Saint-Germain	sężerman
d'Aiglemont	dażlemon
Fontaine	fontejn
Fontaine'a	fontejna
Blois	blua
Royer-Collarda	rojekolarda
d'Espard	despart
Quai	ke
Malaquais	malake
Stendhal	stendal
Walter	łalter
Scott	skot
Effie	efi
Tuilerii	tuleri
grooma	groma
Paddy	padi
Joby	dżobi
Toby	tobi
Toby'ego	tobiego
Milady	milejdi
Joby'ego	dżobiego
Paddy'ego	padiego
Turcarecie	turkarecie
Sancho	sanczo
Marcel	marsel
Marcela	marsela
Saint-Lazare	sęlazar
d'Aldrigger	daldrigże
pas	pa
Rousseau	russo
Juana	żuana
Restaud	restu
Dies	dez
irae	ire
Desroches	derosz
Taillefera	tejfera
Taillefer	tejfer
Derville'a	derwila
Godeschala	godeszala
Desrochowi	deroszowi
Roguin	rożą
illa	ila
Werbrust	werbrast
Louis	luis
Stevenson	stiwenson
Ballantyne'a	ballantyna
Coopera	kupera
Trelawney	trelani
Livesey	liwesej
Liveseya	liweseja
Liveseyu	liweseju
Jim	dżim
Jimie	dżimie
Benbow	benboł
Gunna	guna
Gunn	gun
Hawkins	hałkins
Hawkinsie	hałkinsie
Caracas	karakas
Joyce'a	dżojsa
Huntera	hantera
Mundsleya	mantsleja
Westmünster	łestminster
Hull	hal
bourgeois	burżła
Jonatana	dżonatana
Charles	szarl
Charles'a	szarla
Charles'ach	szarlach
Charles'ami	szarlami
Charles'e	szarle
Charles'em	szarlem
Charles'om	szarlom
Charles'owi	szarlowi
Charles'owie	szarlowie
Charles'ów	szarlów
Charles'u	szarlu
Charles	czarls
Charlesach	czarlsach
Charlesami	czarlsami
Charlesom	czarlsom
Charlesa	czarlsa
Charlesem	czarlsem
Charlesie	czarlsie
Charlesowi	czarlsowi
Charlesów	czarlsów
Charlesowie	czarlsowie
Charlesy	czarlsy
charleston	czarlston
charlestonach	czarlstonach
charlestonami	czarlstonami
charlestonom	czarlstonom
charlestona	czarlstona
charlestonem	czarlstonem
charlestonie	czarlstonie
charlestonowi	czarlstonowi
charlestonów	czarlstonów
charlestony	czarlstony
Charlestonem	czarlstonem
Charlestonie	czarlstonie
Charlestonowi	czarlstonowi
Charlestonu	czarlstonu
vel	fel
Buckle'a	bakla
Buckle'ów	baklów
Giovannich	dziowanich
Giovanniego	dziowaniego
Giovanniemu	dziowaniemu
Giovannim	dziowanim
Giovannimi	dziowanimi
Giovanni	dziowani
Giovannich	dżjowanich
Giovanniego	dżjowaniego
Giovanniemu	dżjowaniemu
Giovannim	dżjowanim
Giovannimi	dżjowanimi
Giovanni	dżjowani
Boccaccio	bokaczjo
Boccacciach	bokaczjach
Boccacciami	bokaczjami
Boccacciom	bokaczjom
Boccaccia	bokaczja
Boccacciem	bokaczjem
Boccacciowi	bokaczjowi
Boccacciu	bokaczju
Boccacciów	bokaczjów
Boccacciowie	bokaczjowie
Boccaccie	bokaczje
Crusoe	kruzo
Buenos	błenos
Aires	ajres
Acciona	aksjona
Accionę	aksjonę
Accionie	aksjonie
Accioną	aksjoną
Acciony	aksjony
Adobe	edołbi
aids	ejts
Angeles	andżeles
Alexander	aleksander
Alvaro	alwaro
amicach	amikach
amicami	amikami
amicom	amikom
amic	amik
amicą	amiką
amicę	amikę
amico	amiko
amiki	amiki
avio	awio
avie	awie
aviach	awiach
aviami	awiami
aviom	awiom
avią	awią
avię	awię
avii	awii
avio	awio
axel	aksel
Beckiem	bekiem
Beckach	bekach
Beckami	bekami
Beckom	bekom
Becka	beka
Beckiem	bekiem
Beckowi	bekowi
Becku	beku
Becków	beków
Beckowie	bekowie
Becki	beki
Belize	beliz
Benjamin	bendżamin
Benjaminach	bendżaminach
Benjaminami	bendżaminami
Benjaminom	bendżaminom
Benjamina	bendżamina
Benjaminem	bendżaminem
Benjaminie	bendżaminie
Benjaminowi	bendżaminowi
Benjaminów	bendżaminów
Benjaminowie	bendżaminowie
Benjaminy	bendżaminy
Benjamin	beniamin
Benjaminach	beniaminach
Benjaminami	beniaminami
Benjaminom	beniaminom
Benjamina	beniamina
Benjaminem	beniaminem
Benjaminie	beniaminie
Benjaminowi	beniaminowi
Benjaminów	beniaminów
Benjaminowie	beniaminowie
Benjaminy	beniaminy
canon	kanon
canonach	kanonach
canonami	kanonami
canonom	kanonom
canona	kanona
canonem	kanonem
canonie	kanonie
canonowi	kanonowi
canonów	kanonów
canony	kanony
Capri	kapri
chip	czip
Chopina	szopena
Chopin	szopen
Chopinach	szopenach
Chopinami	szopenami
Chopinom	szopenom
Chopinem	szopenem
Chopinie	szopenie
Chopinowi	szopenowi
Chopinów	szopenów
Chopinowie	szopenowie
Chopiny	szopeny
chopinowskich	szopenowskich
chopinowskiego	szopenowskiego
chopinowskiemu	szopenowskiemu
chopinowskim	szopenowskim
chopinowskimi	szopenowskimi
niechopinowskich	nieszopenowskich
niechopinowskiego	nieszopenowskiego
niechopinowskiemu	nieszopenowskiemu
niechopinowskim	nieszopenowskim
niechopinowskimi	nieszopenowskimi
chopinowscy	szopenowscy
niechopinowscy	nieszopenowscy
niechopinowski	nieszopenowski
chopinowsku	szopenowsku
chopinowska	szopenowska
chopinowską	szopenowską
chopinowskie	szopenowskie
chopinowskiej	szopenowskiej
niechopinowska	nieszopenowska
niechopinowską	nieszopenowską
niechopinowskie	nieszopenowskie
niechopinowskiej	nieszopenowskiej
chopinowsko	szopenowsko
niechopinowsko	nieszopenowsko
chips	czips
chipsach	czipsacz
chipsami	czipsami
chipsom	czipsom
chipsa	czipsa
chipsem	czipsem
chipsie	czipsie
chipsowi	czipsowi
chipsów	czipsów
chipsy	czipsy
chrysler	krajsler
chryslerach	krajslerach
chryslerami	krajslerami
chryslerom	krajslerom
chryslera	krajslera
chryslerem	krajslerem
chryslerowi	krajslerowi
chryslerze	krajslerze
chryslerów	krajslerów
chryslery	krajslery
chrysler	krajzler
chryslerach	krajzlerach
chryslerami	krajzlerami
chryslerom	krajzlerom
chryslera	krajzlera
chryslerem	krajzlerem
chryslerowi	krajzlerowi
chryslerze	krajzlerze
chryslerów	krajzlerów
chryslery	krajzlery
daewoo	dełu
Auschwitz-Birkenau	ałszwic-birkenał
Auschwitz	ałszwic
Birkenau	birkenał
Erie	iri
expo	ekspo
expres	ekspres
expres	ekspre
dealerski	dilerski
dealerskich	dilerskich
dealerskiego	dilerskiego
dealerskiemu	dilerskiemu
dealerskim	dilerskim
dealerskimi	dilerskimi
niedealerskich	niedilerskich
niedealerskiego	niedilerskiego
niedealerskiemu	niedilerskiemu
niedealerskim	niedilerskim
niedealerskimi	niedilerskimi
dealerscy	dilerscy
niedealerscy	niedilerscy
niedealerski	niedilerski
dealersku	dilersku
dealerska	dilerska
dealerską	dilerską
dealerskie	dilerskie
dealerskiej	dilerskiej
niedealerska	niedilerska
niedealerską	niedilerską
niedealerskie	niedilerskie
niedealerskiej	niedilerskiej
dealersko	dilersko
niedealersko	niedilersko
Joanną	dżoanną
Joannę	dżoannę
Joannie	dżoannie
Joanno	dżoanno
Joanny	dżoanny
Joanna	dżoanna
Joannach	dżoannach
Joannami	dżoannami
Joannom	dżoannom
Joann	dżoann
Librivox	libriwoks
Librivox.org	libriwoks-kropka-org
Librivox.org	libriwoks-dot-org
www	wu-wu-wu
fair	fer
Farrell	farel
Farrellach	farelach
Farrellami	farelami
Farrellom	farelom
Farrella	farela
Farrellem	farelem
Farrellowi	farelowi
Farrellu	farelu
Farrellów	farelów
Farrellowie	farelowie
Farrelle	farele
fixing	fiks-ing
Oxford	oksford
fitness	fitnes
Holoubek	holołbek
Holoubka	holołbka
Holoubkiem	holołbkiem
Holoubkowi	holołbkowi
Holoubku	holołbku
Holoubków	holołbków
Holoubkach	holołbkach
Holoubkami	holołbkami
Holoubkom	holołbkom
Holoubkowie	holołbkowie
Holoubki	holołbki
Holoubek	holubek
Holoubka	holubka
Holoubkiem	holubkiem
Holoubkowi	holubkowi
Holoubku	holubku
Holoubków	holubków
Holoubkach	holubkach
Holoubkami	holubkami
Holoubkom	holubkom
Holoubkowie	holubkowie
Holoubki	holubki
Google	gugl
Google	gugle
Rice	rajs
Rice'a	rajsa
Rice'ach	rajsach
Rice'ami	rajsami
Rice'em	rajsem
Rice'om	rajsom
Rice'owi	rajsowi
Rice'owie	rajsowie
Rice'ów	rajsów
Risie	rajsie
Reagan	regan
Reaganach	reganach
Reaganami	reganami
Reaganom	reganom
Reagana	regana
Reaganem	reganem
Reaganie	reganie
Reaganowi	reganowi
Reaganów	reganów
Reaganowie	reganowie
Reagany	regany
May	maj
Mayach	majach
Mayami	majami
Mayom	majom
Maya	maja
Mayem	majem
Mayowi	majowi
Mayu	maju
Mayów	majów
Mayowie	majowie
Maye	maje
May	mej
Mayach	mejach
Mayami	mejami
Mayom	mejom
Maya	meja
Mayem	mejem
Mayowi	mejowi
Mayu	meju
Mayów	mejów
Mayowie	mejowie
Maye	meje
O'Neal	o-nil
O'Nealach	o-nilach
O'Nealami	o-nilami
O'Nealom	o-nilom
O'Neala	o-nila
O'Nealem	o-nilem
O'Nealowi	o-nilowi
O'Nealu	o-nilu
O'Nealów	o-nilów
O'Nealowie	o-nilowie
O'Neale	o-nile
O'Reilly	o-rajli
O'Reilly'ego	o-rajliego
O'Reilly'emu	o-rajliemu
O'Reilly'owie	o-rajliowie
O'Reillych	o-rajlich
O'Reillym	o-rajlim
O'Reillymi	o-rajlimi
Reilly	rajli
Reilly'ego	rajliego
Reilly'emu	rajliemu
Reilly'owie	rajliowie
Reillych	rajlich
Reillym	rajlim
Reillymi	rajlimi
O'Shea	o-szej
O'Shea	o-sze
